{
    "minecraftVersion": "1.21.10",
    "includesClientPatches": false,
    "macheVersion": "1.21.10+build.9",
    "dependencies": {
        "codebook": [
            {
                "group": "io.papermc.codebook",
                "name": "codebook-cli",
                "version": "1.0.17",
                "classifier": "all"
            }
        ],
        "paramMappings": [
            {
                "group": "io.papermc.parchment.data",
                "name": "parchment",
                "version": "1.21.10+build.12"
            }
        ],
        "constants": [
            {
                "group": "io.papermc.parchment.data",
                "name": "parchment",
                "version": "1.21.10+build.12"
            }
        ],
        "remapper": [
            {
                "group": "net.neoforged",
                "name": "AutoRenamingTool",
                "version": "2.0.5",
                "classifier": "all"
            }
        ],
        "decompiler": [
            {
                "group": "org.vineflower",
                "name": "vineflower",
                "version": "1.11.1"
            }
        ]
    },
    "repositories": [
        {
            "url": "https://maven.fabricmc.net/",
            "name": "FabricMC",
            "groups": [
                "net.fabricmc"
            ]
        },
        {
            "url": "https://maven.neoforged.net/releases/",
            "name": "NeoForged",
            "groups": [
                "net.neoforged",
                "net.minecraftforge"
            ]
        },
        {
            "url": "https://repo.papermc.io/repository/maven-public/",
            "name": "PaperMC",
            "groups": [
                "io.papermc"
            ]
        },
        {
            "url": "https://maven.parchmentmc.org/",
            "name": "ParchmentMC",
            "groups": [
                "org.parchmentmc"
            ]
        }
    ],
    "decompilerArgs": [
        "--synthetic-not-set=true",
        "--ternary-constant-simplification=true",
        "--include-runtime=current",
        "--decompile-complex-constant-dynamic=true",
        "--indent-string=    ",
        "--decompile-inner=true",
        "--remove-bridge=true",
        "--decompile-generics=true",
        "--ascii-strings=false",
        "--remove-synthetic=true",
        "--include-classpath=true",
        "--inline-simple-lambdas=true",
        "--ignore-invalid-bytecode=false",
        "--bytecode-source-mapping=true",
        "--dump-code-lines=true",
        "--override-annotation=false",
        "--skip-extra-files=true"
    ],
    "remapperArgs": [
        "--temp-dir={tempDir}",
        "--remapper-file={remapperFile}",
        "--mappings-file={mappingsFile}",
        "--params-file={paramsFile}",
        "--unpick-file={constantsFile}",
        "--output={output}",
        "--input={input}",
        "--input-classpath={inputClasspath}",
        "--hypo-parallelism=1"
    ],
    "additionalCompileDependencies": {
        "compileOnly": [
            {
                "group": "org.jetbrains",
                "name": "annotations",
                "version": "24.0.1"
            },
            {
                "group": "com.google.code.findbugs",
                "name": "jsr305",
                "version": "3.0.2"
            },
            {
                "group": "org.checkerframework",
                "name": "checker-qual",
                "version": "3.49.0"
            }
        ]
    }
}